{"cameraMode":{"drawMode":0,"name":"Shaded","section":"Shading Mode"},"sceneLighting":false,"audioPlay":false,"sceneViewState":{"m_AlwaysRefresh":false,"showFog":false,"showSkybox":false,"showFlares":false,"showImageEffects":false,"showParticleSystems":false,"showVisualEffectGraphs":true,"m_FxEnabled":true},"in2DMode":false,"pivot":{"x":0.019132256507873536,"y":1.74751615524292,"z":-0.07207906246185303},"rotation":{"x":0.17502649128437043,"y":-0.3570069968700409,"z":0.06828945130109787,"w":0.9150132536888123},"size":2.4169390201568605,"orthographic":false}