{"cameraMode":{"drawMode":0,"name":"Shaded","section":"Shading Mode"},"sceneLighting":true,"audioPlay":false,"sceneViewState":{"m_AlwaysRefresh":false,"showFog":true,"showSkybox":true,"showFlares":true,"showImageEffects":true,"showParticleSystems":true,"showVisualEffectGraphs":true,"m_FxEnabled":true},"in2DMode":false,"pivot":{"x":0.02535957098007202,"y":3.4492340087890627,"z":-4.388567924499512},"rotation":{"x":0.16985905170440675,"y":-0.4046468138694763,"z":0.07677316665649414,"w":0.8952742218971252},"size":3.226655960083008,"orthographic":false}